ID	popLabel	validGT	missGTAdj	pc1	pc2	pc3	pc4	pc5	pc6	pc7	pc8	pc9	pc10	pc11	pc12	pc13	pc14	pc15	pc16	pc17	pc18	pc19	pc20
LUN100	LUN100	168595	1.0000	-2013.122	3983.868	664.177	-1280.603	-1224.658	-2310.308	-1335.378	-4414.980	-436.369	1968.377	-2736.753	1136.522	-2835.030	95.386	720.495	740.648	3667.750	-1213.266	6297.472	1602.988
LUN101	LUN101	168595	1.0000	18816.722	-23817.576	-3861.771	-4840.666	-4722.725	-1186.128	1095.993	-1523.758	3732.042	2602.419	1192.451	3254.945	478.534	794.822	1412.900	1511.389	3134.351	2974.043	8.637	4280.912
LUN102	LUN102	168595	1.0000	10618.162	2025.967	3088.883	3804.561	4650.752	3827.106	-4864.678	2229.536	-159.319	-842.868	-3378.634	-1575.367	-2482.264	1912.922	1239.460	-461.657	-2439.046	-144.523	3468.922	-1057.377
LUN103	LUN103	168595	1.0000	6358.806	1981.853	187.746	1720.844	3418.246	-2159.167	-1249.608	-3794.173	2186.580	-4087.228	-3638.888	1604.932	2003.527	224.146	676.719	59.020	-3643.770	-506.397	-171.266	-1048.229
LUN104	LUN104	168595	1.0000	6436.782	3278.206	3348.608	3327.788	2112.991	-2547.431	1128.714	-4056.214	1362.102	449.867	-1394.795	723.658	-2131.298	-1908.700	-3063.928	-214.111	1039.840	1954.647	-3708.979	-277.920
LUN105	LUN105	168595	1.0000	8819.261	722.320	1621.521	886.195	931.246	-619.634	240.060	246.300	978.076	1169.404	-661.487	1810.576	2859.624	8330.946	-1524.594	4325.683	3921.365	374.712	-4136.339	-1674.325
LUN106	LUN106	168595	1.0000	4783.873	4108.144	260.610	-1161.427	2522.581	-1197.489	-2132.887	-132.920	3447.990	279.607	-1703.291	-3800.608	-1036.430	4957.542	-216.191	-2603.509	-3425.053	1471.782	-2634.948	5829.910
LUN107	LUN107	168595	1.0000	3090.202	7425.605	-334.559	181.715	-9134.235	825.024	443.359	2902.426	1879.756	2376.587	-4799.405	-1395.801	4467.266	378.548	1626.558	-1611.502	-91.959	1941.380	749.508	4090.407
LUN108	LUN108	168595	1.0000	9331.167	2985.841	1089.593	867.678	5028.528	-404.004	-3099.219	4571.667	-865.819	-1724.326	583.032	6.582	2577.525	945.796	-5727.034	-2856.679	-4822.303	-2868.622	-731.692	-373.933
LUN109	LUN109	168595	1.0000	4806.652	4707.578	1018.631	1564.673	-935.330	-4602.679	2725.498	24.121	210.022	1272.919	-1217.628	4006.914	873.686	193.156	-3824.918	1154.324	3760.410	-998.558	-1288.987	-863.651
LUN110	LUN110	168595	1.0000	9659.926	2284.158	4273.347	2693.772	4952.050	-4824.019	-1743.388	4621.399	1851.187	-3388.450	-2292.235	451.341	3729.904	2061.268	-2279.535	-3560.332	2246.528	-1264.159	-5269.047	3912.972
LUN111	LUN111	168595	1.0000	8637.854	2575.939	-640.453	4683.146	3131.889	-4247.065	-1111.715	-2533.621	1115.856	1501.323	45.466	-4356.985	-4760.049	-139.780	-1345.095	-959.487	-483.589	-4308.913	-265.798	153.578
LUN113	LUN113	168595	1.0000	6553.756	151.036	2040.898	2500.942	4988.816	-4064.289	-119.122	1299.918	1183.639	-2479.307	4568.706	-149.838	2496.079	-10.517	1020.370	-196.023	-709.108	1033.674	1712.560	-1849.895
LUN114	LUN114	168595	1.0000	-18131.842	-3573.042	-1922.745	-157.860	1458.174	-974.218	4034.170	1929.973	5937.195	-1790.548	-3619.099	-1995.800	-1400.929	640.008	-4340.242	1706.341	1241.376	-165.076	1394.346	-2723.220
LUN115	LUN115	168595	1.0000	4962.562	4551.811	3659.686	3787.619	1180.099	-3176.143	577.710	3109.720	4177.517	341.917	-2311.992	-3196.079	2518.311	485.099	-2718.827	-187.899	984.982	272.875	-2149.247	-1542.037
LUN116	LUN116	168595	1.0000	9660.494	1769.455	2006.823	1678.321	2988.348	-263.123	-1896.661	106.865	3667.823	208.043	1133.416	-3670.077	1603.708	6344.762	-833.940	598.881	6540.074	4270.615	1259.232	1094.300
LUN117	LUN117	168595	1.0000	18164.931	-2884.795	5179.911	3594.871	8115.007	1590.255	-5520.619	16695.827	-1538.504	-6322.424	3095.054	-2750.050	1334.269	1503.714	4420.744	-2289.543	688.874	2368.572	-2911.146	-2643.381
LUN118	LUN118	168595	1.0000	10976.445	-1087.716	-785.922	4036.493	2712.477	637.913	-3430.033	2293.621	-558.250	-3878.218	-957.876	-2070.772	-2005.429	-2212.934	-3473.481	1925.263	3477.267	-2913.244	-2349.245	2842.938
LUN119	LUN119	168595	1.0000	8626.664	3752.132	4389.621	4251.572	4836.182	-3458.093	-2596.283	-2087.597	1944.504	-397.372	-5350.858	259.491	-3363.664	-303.586	-2251.080	1180.908	2737.198	2055.298	2.490	-1274.992
LUN120	LUN120	168595	1.0000	8732.725	2479.129	3780.817	2154.325	3951.588	-2652.460	1132.693	2835.052	-479.397	-3265.554	-492.764	5147.233	3161.652	2690.093	185.000	-1618.848	-68.851	6650.903	-517.459	-681.503
LUN121	LUN121	168595	1.0000	11702.921	203.244	297.211	4876.985	4478.571	-1514.324	-4682.890	1995.653	-1824.942	1918.359	-1479.181	3352.221	5518.022	1178.744	-1440.154	198.525	1300.768	-3706.725	-3400.583	649.960
LUN122	LUN122	168595	1.0000	8540.473	3731.122	800.594	980.350	3795.363	-4817.962	1330.907	1946.009	2850.197	-1023.899	607.074	-2487.669	392.734	-30.611	-2458.318	-2250.079	-1837.713	-2890.991	3392.075	-4988.974
LUN123	LUN123	168595	1.0000	8707.804	1831.328	1782.540	5203.976	5390.132	-402.126	-547.719	1483.899	1473.890	2599.863	1803.653	4410.112	-1551.536	2074.949	-4166.827	-1770.396	-2575.818	81.160	34.450	-112.687
LUN124	LUN124	168595	1.0000	1963.932	2437.617	-826.282	-311.848	3720.645	-3065.400	2191.471	-6786.943	-555.971	-2209.875	1176.554	2740.444	-2388.593	-1872.676	3101.153	3556.389	2898.860	3119.624	1202.036	-2939.004
LUN125	LUN125	168595	1.0000	-2447.862	7416.829	373.323	-3408.154	63.839	-3282.822	1231.027	-216.236	-1242.642	-2539.593	1184.747	-1540.741	431.653	364.225	1775.123	-4675.726	-804.531	1293.953	1790.921	-2017.746
LUN126	LUN126	168595	1.0000	9548.983	-4576.842	-8765.433	3712.681	463.424	1000.374	-1773.384	2579.532	-4642.199	2971.577	1203.507	561.337	-2620.048	3251.024	-4930.194	-3811.214	-526.721	2276.912	-608.324	1361.222
LUN127	LUN127	168595	1.0000	8011.483	-2801.926	-4001.414	2924.603	1564.182	-1016.405	-645.983	-1655.691	-1493.090	625.720	-1607.380	-911.158	281.734	1530.413	-6492.520	1343.638	4681.252	-841.684	-3707.796	566.630
LUN128	LUN128	168595	1.0000	7715.249	2504.133	1246.586	1863.638	3725.668	-65.318	707.918	-161.022	-1669.999	-3362.705	-2315.540	-3323.587	-4234.642	1876.014	3514.715	599.269	2405.356	3940.023	-2044.511	-810.931
LUN129	LUN129	168595	1.0000	7647.026	4397.401	-1465.405	3884.946	3716.830	-2370.951	-1274.871	1376.670	-1558.935	3286.605	937.666	-1085.272	135.755	3996.021	1126.162	714.117	794.408	3695.062	3747.458	5291.917
LUN130	LUN130	168595	1.0000	12348.253	729.792	377.345	4308.542	2391.436	-1406.769	-1974.623	2186.728	-1868.047	-727.647	38.427	299.993	3342.576	3410.038	5953.303	427.067	1536.436	6945.026	1686.397	280.035
LUN131	LUN131	168595	1.0000	2551.023	5246.034	734.090	-546.442	1876.153	-1278.559	175.019	2407.252	879.279	1672.269	-1166.173	575.456	1677.641	-1998.557	2517.826	1337.247	-718.607	2138.408	-81.094	-1389.697
LUN132	LUN132	168595	1.0000	11440.291	-2897.487	-3029.554	272.388	3177.578	35.125	-2278.906	2159.720	1268.880	-1909.284	2978.439	-1764.784	-451.203	4892.654	3453.388	2889.465	-2458.482	-1778.451	3217.087	3587.195
LUN133	LUN133	168595	1.0000	6852.847	1693.839	-205.651	3202.745	3779.851	-3476.087	-1396.193	23.075	2636.897	2487.937	-2652.728	1336.787	-144.718	-1897.117	-288.758	5807.498	-3261.213	8159.918	-396.416	-1032.435
LUN134	LUN134	168595	1.0000	7508.435	6356.681	4663.093	3709.409	2696.506	-6490.656	1186.619	-4580.079	263.542	2285.142	-2631.225	5334.306	2912.725	-316.408	-1943.292	3051.634	2806.487	-3859.069	-1918.597	-3416.333
LUN135	LUN135	168595	1.0000	12109.789	703.084	1570.200	2691.007	5291.429	-1275.165	-3466.873	6203.211	-1508.112	-3612.159	323.131	1149.879	2573.954	980.032	2163.209	920.726	0.718	-5549.513	701.349	-2922.557
LUN136	LUN136	168595	1.0000	10222.810	1469.430	2005.811	2259.480	5537.563	-1088.848	-3032.065	5036.232	-176.442	-2046.076	-2906.455	-1360.393	5896.481	2917.920	-1433.159	1337.903	-1962.245	709.626	-2828.145	-3705.819
LUN137	LUN137	168595	1.0000	3049.062	6771.883	-287.435	524.935	-3559.772	-4884.274	-1157.592	157.375	2066.651	1523.909	2621.141	2390.376	-6271.943	-1741.182	3948.554	3801.254	1547.541	2725.529	-3283.829	-3520.769
LUN138	LUN138	168595	1.0000	5370.694	4840.290	4816.356	2014.553	-2530.701	1542.107	-1934.416	2911.512	-2687.771	-1824.097	-1714.795	-5012.128	-3068.508	-1145.904	-953.763	-4419.848	135.294	-4241.481	-1994.119	-1713.916
LUN139	LUN139	168595	1.0000	12078.117	2235.723	2400.713	2842.707	6141.646	-634.137	-1740.372	1786.163	3225.030	1198.873	-1740.819	-2519.166	3714.080	1540.057	-3687.011	-488.626	-1777.746	1766.223	-56.769	590.815
LUN140	LUN140	168595	1.0000	11594.553	-2487.365	2937.748	1248.342	5231.680	1645.861	-2087.248	4606.848	-72.475	607.556	3919.166	-796.778	-1654.408	-650.806	-1764.056	-3032.582	508.628	1203.207	1699.934	2501.465
LUN141	LUN141	168595	1.0000	12252.746	1038.874	7665.530	3929.721	4980.699	1494.217	-3485.627	2767.066	2190.298	-1665.402	-2238.180	-770.989	2062.244	3294.236	814.511	-434.677	2819.734	279.642	1407.173	3374.739
LUN142	LUN142	168595	1.0000	-5508.655	5551.743	-547.914	-4567.831	1012.797	-35.524	1015.226	2249.929	-3159.434	1435.984	-5387.069	-1365.713	-3663.239	-1400.180	-2594.319	1320.258	-4264.446	1455.256	-2844.266	2070.307
LUN143	LUN143	168595	1.0000	12972.107	3892.210	4758.035	6813.105	7646.492	-2541.731	-3219.138	2126.710	1745.825	-6043.225	-1010.098	-1753.409	-716.171	1283.447	2530.499	897.510	-951.997	2849.160	-1513.399	-5316.147
LUN144	LUN144	168595	1.0000	11654.069	1240.060	6299.803	2918.854	7.196	6605.924	-512.983	9228.575	662.622	2602.065	302.128	166.980	-1161.583	3564.208	3126.840	-148.878	-914.006	112.781	1643.917	963.776
LUN145	LUN145	168595	1.0000	4958.225	7312.992	882.959	359.077	-13242.637	-208.280	3304.091	2546.189	-2036.044	-1382.127	1087.557	-1946.580	4057.543	2798.175	498.994	4769.923	-517.528	-492.304	-48.760	3211.637
LUN146	LUN146	168595	1.0000	9631.932	4160.680	3565.354	1752.990	-9778.576	-421.684	-683.074	3728.021	4583.715	2617.680	1895.399	-995.049	-1393.261	921.176	-1620.842	2364.207	-220.936	4504.816	-3010.563	-468.415
LUN147	LUN147	168595	1.0000	4463.532	2884.418	3080.516	188.190	-882.011	-727.658	1357.578	1003.507	946.740	167.048	5181.830	169.300	-1121.057	-681.188	-809.769	-2842.998	1531.206	-538.423	-474.880	-449.795
LUN148	LUN148	168595	1.0000	8578.831	2481.868	1962.064	2733.180	3894.499	-1982.494	-1277.680	4748.303	556.526	719.641	4764.935	-2943.420	2495.313	30.765	3562.098	-2645.988	1986.912	-4158.729	1211.238	3448.187
LUN149	LUN149	168595	1.0000	4930.474	5332.082	500.847	-55.078	-2512.796	-4793.803	4.200	1220.216	2165.602	3673.303	-946.264	1157.466	-2367.541	-644.347	1411.759	2527.048	1350.177	1708.863	-367.741	1126.301
LUN150	LUN150	168595	1.0000	-409.546	3341.221	620.944	-896.897	-1425.514	-581.451	1169.648	611.724	-1075.350	820.465	-719.168	4439.416	-1054.587	-848.514	2815.148	763.054	4175.116	-3050.520	6724.310	-3795.974
LUN152	LUN152	168595	1.0000	1573.314	4956.147	2462.679	233.788	-1270.492	-3542.023	-1432.859	-994.265	1868.234	-718.019	-2046.373	2309.751	-1972.262	1516.801	-2101.143	4794.717	3833.249	-351.692	-2699.800	1673.325
LUN153	LUN153	168595	1.0000	9422.998	2534.142	2513.498	3462.722	3967.343	-5970.736	545.112	-4205.398	2746.156	-3694.102	-2436.915	946.181	76.387	-172.642	-1650.997	1156.763	4527.795	-6020.301	-2117.139	242.053
LUN154	LUN154	168595	1.0000	12358.802	2682.224	562.404	3916.462	1434.417	371.769	906.782	3247.444	-102.263	1222.898	494.842	1564.224	-914.746	4003.038	2908.320	-973.402	134.020	-950.727	-3369.559	1394.806
LUN155	LUN155	168595	1.0000	8548.348	6871.101	2266.687	4083.519	3562.031	-4105.821	1340.400	-5151.260	2789.572	1621.091	-1267.499	-3647.127	-181.442	1365.346	162.708	-1087.703	-3756.087	-4446.373	-6535.903	3796.849
LUN156	LUN156	168595	1.0000	4793.961	2754.252	2301.532	3724.012	-1772.839	1304.700	-2373.474	3193.366	-2663.723	1507.086	4327.499	5473.552	140.755	2535.433	-3658.670	-3320.204	-431.014	5925.606	-6347.571	-2942.184
LUN157	LUN157	168595	1.0000	8442.187	3619.279	1166.988	3197.826	2734.623	-3622.258	-1145.833	-738.162	3949.257	1738.049	1045.858	3281.801	-480.030	-3412.625	-5319.971	2096.051	1561.347	-4087.894	-667.701	-3047.602
LUN158	LUN158	168595	1.0000	6821.298	5075.047	73.873	3304.085	5542.054	-1687.169	279.174	-5966.816	4649.321	3723.458	-942.048	-562.647	-3424.271	-3578.003	931.847	3435.085	740.408	1689.183	-547.039	980.724
LUN159	LUN159	168595	1.0000	9974.081	-4355.247	-9465.951	1424.418	-255.462	-1897.655	-4363.944	805.195	5637.113	-304.090	1971.599	953.325	1827.716	2993.493	3415.322	1814.722	567.196	-1630.584	-2957.028	1367.313
LUN160	LUN160	168595	1.0000	7003.514	3942.392	-679.360	2515.236	4162.023	-3912.438	-970.069	-6085.249	2186.438	4158.415	1996.765	-1761.008	1447.633	-517.597	-335.200	1299.883	-3631.467	-2734.535	-2301.929	-4304.414
LUN161	LUN161	168595	1.0000	13376.625	2681.824	4501.396	3493.886	-3368.863	-1144.618	4172.587	2785.821	1121.979	1959.297	-863.935	1862.571	-3799.114	-2597.890	-803.689	-233.359	1009.573	571.887	-2108.020	-2189.727
LUN162	LUN162	168595	1.0000	10111.743	2450.017	2745.467	1176.085	2615.726	1636.368	1423.282	6157.481	-1643.597	670.893	1395.259	1230.629	-509.664	2344.798	1479.143	2898.092	-1399.522	944.945	1087.498	2905.392
LUN163	LUN163	168595	1.0000	7267.642	3200.576	1669.495	1571.697	4169.870	-4971.409	633.953	-6270.036	-132.481	1985.158	-3337.033	751.175	-371.009	-403.810	-541.487	1733.674	3535.945	-2303.587	-3544.542	-1451.843
LUN164	LUN164	168595	1.0000	-1028.693	6625.145	-672.087	-1971.465	1525.871	904.151	680.102	-2672.220	-1355.216	-2075.126	213.250	-362.854	3821.026	-1311.907	4618.488	579.809	4019.475	4250.772	-748.259	-1569.455
LUN166	LUN166	168595	1.0000	6617.595	4384.697	2802.763	2345.137	2676.495	-318.050	64.221	911.924	780.130	-2688.429	314.186	-4134.813	3959.197	1597.813	892.527	1878.956	-117.931	-4107.892	823.051	-4798.822
LUN167	LUN167	168595	1.0000	-126.336	5828.555	3281.116	1662.109	3431.688	-3344.404	-605.498	-1398.102	1241.507	1397.214	-3744.349	-1436.486	1304.504	573.048	4864.297	-103.300	3491.785	-1833.635	1123.481	119.396
LUN168	LUN168	168595	1.0000	-7403.162	5112.280	-2504.651	-6259.373	-991.211	197.783	1660.233	-1496.328	-2515.862	-1472.751	-4278.183	-2008.383	-1813.178	2020.593	2199.890	2490.852	-2626.268	-4089.256	3773.788	-1327.075
LUN169	LUN169	168595	1.0000	-3029.031	5427.354	772.890	-5812.746	-983.276	-3243.600	-1845.931	-4060.915	-3476.992	-511.456	1131.374	-1936.495	-3802.981	1172.748	-506.016	3510.868	-1983.216	-2310.726	-4264.819	-3018.297
LUN170	LUN170	168595	1.0000	10007.442	2924.944	2383.370	2724.082	3560.269	-3572.057	-1375.148	-3741.991	1246.923	-1926.409	-684.103	3429.420	602.222	691.648	3223.461	-610.878	3802.708	-522.634	538.987	-4670.886
LUN171	LUN171	168595	1.0000	4680.636	8615.433	-248.509	-644.993	-3529.735	-608.677	643.109	-1498.245	307.379	-1106.586	2356.537	-1897.316	-4702.080	1252.920	-2495.858	-2565.177	-1185.552	-4317.123	161.649	-590.038
LUN172	LUN172	168595	1.0000	4930.166	5157.473	1985.227	477.204	3054.058	-3548.906	-1867.596	-1980.004	-1083.572	-3466.749	-1162.990	3454.310	-1666.388	779.619	-2698.372	-359.845	-567.162	1285.298	-2015.538	-1901.240
LUN173	LUN173	168595	1.0000	9756.520	3333.423	843.111	5328.176	5646.063	189.770	-324.066	-861.658	-2280.363	1766.669	-4870.540	3934.197	3496.099	2793.483	-4065.945	-6611.991	377.299	817.033	-1857.400	-272.866
LUN174	LUN174	168595	1.0000	7036.041	6956.334	5160.050	4355.081	880.789	-3916.113	825.413	-6444.574	2210.948	3586.058	1928.894	5858.907	5584.476	2922.229	-1665.038	2893.991	5487.008	1422.060	-3258.905	-1169.533
LUN175	LUN175	168595	1.0000	15230.199	2442.925	5139.989	5032.324	7296.349	-397.849	-454.266	5604.387	149.433	1530.814	-1608.142	728.326	1161.293	34.574	5857.440	-665.276	-1184.552	-875.725	-4181.498	3859.799
LUN176	LUN176	168595	1.0000	14099.732	-13033.033	-18863.869	5192.407	-1520.916	-1137.886	-779.716	-322.543	-934.712	1150.132	2242.962	1813.204	3264.213	1613.617	-44.245	-2923.789	-1339.920	-201.306	-618.455	-492.477
LUN177	LUN177	168595	1.0000	4476.310	2270.485	2919.906	1897.678	-2202.559	-1195.813	-2222.198	-281.552	5067.307	162.526	-2022.004	189.689	2013.034	5369.677	1697.323	1886.618	3494.138	172.405	-3998.792	-1308.454
LUN178	LUN178	168595	1.0000	8232.881	614.882	-3480.898	1733.018	2441.837	-70.349	-831.794	-464.309	597.918	989.617	1553.524	2077.742	4447.969	-1187.406	4468.198	-3065.278	-3316.509	-4947.644	1001.536	1896.582
LUN179	LUN179	168595	1.0000	11181.325	739.575	1096.723	3245.038	7964.182	-1028.488	3.964	2704.892	656.093	-399.952	3149.157	-1355.108	1931.130	4454.056	-1071.081	-200.721	-157.200	4829.916	-1385.265	-87.194
LUN180	LUN180	168595	1.0000	7272.182	3401.799	3258.116	3787.735	-5434.647	981.528	-358.696	7121.316	-403.927	1357.629	4481.495	-288.318	755.769	1659.960	-3110.846	-2940.345	1269.699	-286.051	441.153	-53.374
LUN181	LUN181	168595	1.0000	10858.435	4149.194	2969.300	982.036	2879.699	-760.358	-418.637	3589.249	2882.885	-7225.657	1469.765	1574.596	-1440.543	1644.761	-3924.108	-2472.247	-3539.031	591.694	1517.940	-2593.653
LUN182	LUN182	168595	1.0000	4095.392	2733.672	-4886.643	1165.317	-2937.767	-2111.637	899.746	-297.268	-2205.946	2746.057	3371.856	2107.248	-1308.148	-3060.600	-124.686	-3517.658	-164.179	-49.553	-1353.535	7078.565
LUN183	LUN183	168595	1.0000	6496.179	3572.044	1150.806	1973.820	22.583	-2858.497	-1990.007	-87.857	-47.351	-2771.864	2049.237	161.822	-1823.097	-280.418	-322.626	4322.976	-3132.893	941.495	113.849	2311.945
LUN184	LUN184	168595	1.0000	6255.212	5527.927	-70.533	-346.682	2019.700	-2371.583	-320.843	895.481	-1267.055	-588.262	-3894.545	3431.887	2750.909	2708.988	-5219.763	1885.941	5792.860	-5291.873	-4907.878	-1703.543
LUN185	LUN185	168595	1.0000	6012.032	3462.969	3280.180	3575.246	5200.577	-226.641	1040.548	1783.219	-1795.255	-7041.903	-3535.338	-802.750	915.542	-3118.981	-759.448	-1256.254	-1189.945	2604.206	505.058	-3238.481
LUN186	LUN186	168595	1.0000	15642.106	3125.083	4448.562	8068.535	8680.604	-1909.211	349.511	-221.248	844.953	-2890.598	-902.391	3931.197	-2137.104	4944.245	1119.561	299.709	-1933.952	-3916.035	-6403.995	648.344
LUN187	LUN187	168595	1.0000	13040.715	-4216.051	-4060.890	3730.056	2608.951	-883.489	-3983.236	3121.362	2912.827	-2943.751	-3499.678	-1526.295	1342.694	-1956.725	-887.221	3321.514	3543.409	3286.724	-1968.728	-269.198
LUN189	LUN189	168595	1.0000	2952.792	3518.533	-495.394	-165.608	-573.459	-2228.487	2736.757	-70.415	652.266	-2880.327	862.919	-1101.325	-225.778	529.843	2500.786	1829.505	3307.239	4360.875	-1983.201	-1578.335
LUN190	LUN190	168595	1.0000	8085.744	-726.527	631.836	1744.559	3382.232	-1767.592	-1168.581	1459.840	-845.680	860.847	-4139.317	3434.599	1878.205	5326.112	-443.213	-3738.587	959.888	-2525.666	2607.497	5075.964
LUN191	LUN191	168595	1.0000	14563.897	884.111	4984.825	4819.597	9545.706	-2386.684	-1989.898	6497.883	550.525	-5829.492	-666.004	2026.422	1481.144	5229.004	-2170.707	-2376.823	-270.456	2349.394	-2133.736	1120.795
LUN192	LUN192	168595	1.0000	10654.263	765.853	-1176.027	4495.414	4842.475	1566.690	59.150	5036.353	166.464	-3205.094	-4428.316	-231.201	1519.778	980.558	-3517.286	1406.384	1242.532	1407.900	3574.412	1996.541
LUN193	LUN193	168595	1.0000	10624.938	4008.290	3481.451	7679.495	2799.136	-4061.661	-284.717	-1779.522	6810.571	2450.427	-10.194	2894.247	-834.003	2387.312	-3369.049	1039.675	1606.131	1540.038	-723.622	-3553.136
LUN194	LUN194	168595	1.0000	9735.986	914.484	-438.426	1993.646	3893.332	1379.395	-3349.806	2592.336	-2810.657	2921.296	357.904	642.569	4024.489	2826.619	-285.393	-3093.373	1412.035	3979.950	-709.112	-1393.144
LUN195	LUN195	168595	1.0000	8534.436	3203.661	380.927	4523.711	-2133.462	-2276.465	1174.744	3015.524	-1336.596	-142.297	-2886.248	5342.145	-1526.267	3479.898	86.874	1202.955	540.854	1246.306	1350.867	3579.103
LUN196	LUN196	168595	1.0000	8630.485	1240.841	2856.517	1417.835	4729.638	-1726.183	-2824.890	619.572	-1685.772	3158.203	-3730.921	-1487.214	-943.151	811.191	1175.675	841.896	2855.948	100.632	-986.392	-1059.815
LUN197	LUN197	168595	1.0000	10349.899	181.733	1312.434	6298.751	3620.423	-1162.810	-2025.712	1957.200	-1387.187	-830.908	26.575	2470.096	1934.125	2686.050	-2845.073	467.268	1541.158	2373.434	-935.963	2203.267
LUN198	LUN198	168595	1.0000	6833.996	2153.716	4262.339	1751.549	1330.240	-4066.555	-71.107	-3011.256	1181.463	1104.108	-1246.725	2611.937	3339.368	-2758.649	-1768.912	-2651.604	-2657.624	-740.782	-3024.967	4143.451
LUN199	LUN199	168595	1.0000	9712.917	3200.002	-442.946	3992.131	1137.884	625.138	-1196.150	2295.010	-960.449	-2445.441	924.863	3598.478	-3818.285	2770.018	-1509.684	1767.310	2484.380	-5173.579	3108.041	-539.693
LUN200	LUN200	168595	1.0000	9423.505	3265.749	5440.582	4994.795	2926.197	1884.758	-3934.256	2877.439	-1382.911	-443.351	-1680.747	227.648	-2785.057	2762.341	4965.538	1125.420	-732.510	259.246	1444.303	3369.747
LUN201	LUN201	168595	1.0000	1716.739	3237.127	-1155.195	151.737	264.673	-400.403	-673.917	-3302.323	2629.124	2042.271	-3843.900	-8728.239	3255.828	-220.895	-1671.743	-4047.712	-4776.225	1002.115	-25.787	-29.360
LUN202	LUN202	168595	1.0000	10373.681	3461.852	664.354	927.090	5411.010	-1051.161	-2065.792	845.669	2450.355	426.695	-1070.488	3196.865	2164.652	2280.845	-3026.271	-1781.399	3584.425	-877.820	-494.439	683.070
LUN203	LUN203	168595	1.0000	6563.952	-1686.318	-5805.523	1637.264	190.995	-2730.101	-877.927	-321.587	-2885.227	-323.350	-377.980	-1178.031	-530.704	2510.449	2255.952	1761.968	-2514.720	-5276.188	-5952.191	-197.689
LUN204	LUN204	168595	1.0000	10201.830	6438.864	4452.403	5702.279	4852.348	-9537.228	-1933.622	157.835	2656.032	-3382.143	-588.421	656.609	-1865.434	-1434.489	-1052.495	1491.448	-2981.937	-1125.267	-3154.041	4178.674
LUN205	LUN205	168595	1.0000	10353.148	-97.878	-1115.444	3925.330	2529.805	871.839	605.563	488.282	2392.004	-329.834	-1386.675	-571.156	-2300.272	4081.430	-1389.520	251.245	1038.258	989.037	-2827.499	1706.604
LUN206	LUN206	168595	1.0000	3890.155	1213.192	-6035.167	-1752.401	-4764.558	-2197.741	2038.988	-1576.511	-2851.933	2207.801	-2533.079	845.306	-2036.413	3093.226	1958.293	3101.489	1723.715	-23.780	2103.810	968.270
LUN207	LUN207	168595	1.0000	10133.068	-122.300	-5873.236	1711.474	5591.141	-1039.792	407.853	-1994.315	849.951	2737.397	-1639.168	2136.261	-1986.847	1341.899	-6393.925	-1262.290	2225.300	-2761.600	3854.446	6151.374
LUN208	LUN208	168595	1.0000	9427.989	225.983	-1952.214	4590.159	5138.347	-2016.423	-2665.193	563.037	-2008.880	189.148	2135.283	3119.536	2093.253	-152.945	-2915.834	3056.796	-4914.581	-1161.824	-5027.184	4477.254
LUN209	LUN209	168595	1.0000	9412.002	299.401	272.823	920.243	3365.266	-3092.540	728.274	-1781.528	-2525.966	-1048.620	-699.247	3142.444	-289.431	7215.181	-2536.274	-322.304	-213.002	1206.231	-1046.015	1175.502
LUN210	LUN210	168595	1.0000	11008.546	4992.626	3505.844	2814.599	3591.727	3368.865	537.748	7859.910	1605.142	-2446.240	-1099.363	-4305.990	-1709.011	5112.902	255.403	4507.502	-740.773	1296.111	5603.250	5043.980
LUN211	LUN211	168595	1.0000	5725.107	1601.489	932.578	-150.680	-530.609	-285.528	-2133.395	-144.908	220.329	-688.767	1212.446	2448.249	-945.186	3591.367	1461.230	-2097.709	-143.068	3365.580	-60.298	1942.238
LUN212	LUN212	168595	1.0000	6427.396	4717.899	1095.709	571.360	4458.528	-1512.361	67.570	-945.511	1222.956	-927.441	-1021.392	-1951.932	1242.268	727.828	316.269	-1949.918	-1422.396	2845.898	267.316	702.592
LUN214	LUN214	168595	1.0000	10566.666	-1895.565	-4062.268	5229.627	3489.193	-1761.083	-1237.493	467.358	2981.221	-1416.402	4567.020	-1290.439	-220.015	7187.146	1606.540	1634.872	2371.144	3151.448	7422.513	-4482.223
LUN215	LUN215	168595	1.0000	10938.421	5236.599	3955.299	3961.077	4672.363	-720.692	2964.446	1369.524	486.978	2216.434	-1501.883	1437.896	255.602	-2036.982	857.674	-1102.274	-2929.326	-493.804	-7256.097	-3260.836
LUN216	LUN216	168595	1.0000	9145.767	-910.959	4262.083	4253.697	3633.039	876.221	-129.825	2094.283	356.232	-2404.075	681.665	-1219.384	-2209.916	-3556.013	-491.744	-1716.373	-3066.408	-1700.801	-2799.672	614.406
LUN217	LUN217	168595	1.0000	10534.754	3014.649	1663.501	5994.216	5902.070	-1601.164	573.199	-3007.889	-305.359	-955.851	2229.375	1816.093	-1586.790	4791.084	799.247	3124.476	-396.907	-1588.107	4189.634	1726.800
LUN218	LUN218	168595	1.0000	9097.600	1691.830	4878.035	3951.792	1822.464	-2728.567	-301.414	4291.879	1505.950	-989.445	2144.400	344.661	2017.709	1098.638	-259.073	176.723	2265.801	3444.197	1307.578	432.690
LUN219	LUN219	168595	1.0000	5762.167	1923.551	-630.337	1570.006	-1397.174	-1812.107	2454.761	1252.286	3127.481	-542.406	-924.543	5473.515	516.959	2603.229	-6454.774	522.305	3581.060	-223.025	715.138	5411.357
LUN220	LUN220	168595	1.0000	9400.621	4951.132	2512.687	2781.979	6135.547	539.792	-4262.530	2855.874	-1188.500	-1080.137	2569.014	-1817.449	-711.715	1443.326	594.226	1907.420	-6686.453	-4150.327	1685.625	2906.369
LUN221	LUN221	168595	1.0000	2049.702	3202.841	-507.871	2862.342	3979.225	-3828.568	-2539.204	-7.124	5142.158	-77.268	-2744.232	499.940	-1663.858	-3145.001	2076.048	-1855.336	-1557.322	295.809	117.623	2970.083
LUN222	LUN222	168595	1.0000	3201.896	5783.945	-127.016	1040.248	3351.150	-3224.993	1201.669	-3212.211	4273.084	37.594	-409.740	2577.268	1205.106	-2966.932	229.244	-2981.669	-1770.736	3059.076	677.606	1767.404
LUN223	LUN223	168595	1.0000	13058.786	-5583.511	-10421.586	1569.615	-643.704	3082.119	-3447.736	-249.763	1797.457	-729.804	-587.833	5884.224	307.029	1955.148	-31.303	1569.521	-4053.970	2233.271	1215.725	-2333.878
LUN224	LUN224	168595	1.0000	4420.448	7331.312	2743.984	-1853.021	3162.344	-2836.608	-12.161	-442.777	-1699.813	-117.349	-3324.123	2447.490	135.895	5181.111	-3641.540	-1666.956	2390.266	-3905.510	-2572.604	2195.160
LUN225	LUN225	168595	1.0000	7726.943	3385.041	1995.819	3454.790	1599.525	-2077.521	981.405	1402.627	671.825	-1337.726	-596.469	606.896	778.651	575.617	1989.879	2089.899	1407.345	-807.864	1288.407	1799.237
LUN226	LUN226	168595	1.0000	2321.850	2364.515	1421.788	632.441	1144.262	-1899.893	-2525.658	-2566.111	358.541	-2325.139	-2084.916	-539.698	-2141.833	191.845	-2628.380	898.418	-773.030	-156.978	-1748.616	3527.424
LUN227	LUN227	168595	1.0000	2432.999	4118.694	1247.987	2269.778	4037.313	-4525.153	797.807	-4554.236	5185.882	-3759.736	-1006.266	3796.965	-2045.466	-4313.690	-1712.790	2487.989	1026.009	3756.066	-2778.845	-1345.899
LUN228	LUN228	168595	1.0000	4388.608	5617.810	2962.735	3025.946	2735.037	-503.235	-2880.427	184.099	4993.549	-1960.031	3635.882	-3429.056	-3296.382	1877.726	-1237.067	-1306.664	-2158.290	-805.075	-5003.014	-2288.972
LUN229	LUN229	168595	1.0000	5581.004	969.371	2860.961	1052.008	1923.045	-1262.515	-1247.769	-760.403	-752.396	-1166.777	-2375.947	2173.560	4037.465	-1324.515	-979.918	-942.238	2494.760	3409.802	2547.844	1991.887
LUN230	LUN230	168595	1.0000	5445.675	4269.053	713.357	2460.713	1926.998	-1231.447	-2233.385	-492.205	159.004	2133.621	233.887	820.273	761.254	-1773.489	4142.288	3269.741	-1248.824	2498.787	1848.684	2908.871
LUN231	LUN231	168595	1.0000	3993.229	4526.281	-862.113	-799.193	-341.488	-3638.143	515.277	-558.435	815.770	174.556	-245.293	-506.126	2333.639	-2427.577	687.892	-1797.780	6262.052	-3918.931	4026.337	-3101.000
LUN233	LUN233	168595	1.0000	13742.629	-188.949	266.123	4313.902	6917.577	1519.026	-1720.950	307.098	2662.094	-192.463	-1055.166	1704.841	-5681.973	-155.556	-1685.701	2293.203	-4219.324	2089.411	4747.864	-571.736
LUN234	LUN234	168595	1.0000	11383.383	1043.126	-2158.408	1086.313	3529.794	-793.890	-3316.464	306.792	16.318	-2661.241	912.882	3603.840	1004.177	86.183	-174.096	-681.028	4980.970	1966.559	-3568.903	4437.617
LUN235	LUN235	168595	1.0000	10193.798	487.878	631.291	-571.726	735.481	2975.392	-2160.087	1081.039	-1479.229	1.097	63.148	-1940.731	3033.554	3194.087	-371.075	261.560	4531.308	3536.734	2619.355	-772.779
LUN236	LUN236	168595	1.0000	632.076	4570.006	-1085.456	-2058.116	283.129	-3572.255	-463.534	-632.116	-1531.385	1584.724	-3484.488	6260.946	1481.009	665.536	4360.979	-396.852	-85.113	7496.650	231.207	572.562
LUN237	LUN237	168595	1.0000	-6155.027	6447.712	-3256.850	-5483.370	-1584.510	2125.130	-1528.492	295.750	-4191.487	528.639	-4397.942	1325.695	1116.752	324.321	3310.596	-999.995	-1416.685	1706.659	-1578.610	5839.043
LUN238	LUN238	168595	1.0000	2123.914	5706.918	870.483	-521.092	-61.356	970.682	-418.216	-847.573	1316.337	3171.420	-413.715	-434.387	17.024	-792.378	-474.715	179.646	-148.077	1531.793	-591.490	-225.044
LUN239	LUN239	168595	1.0000	7343.284	3489.216	1422.132	2674.521	-3506.979	-4688.724	-970.460	-1147.676	782.736	544.646	2531.105	-5523.401	416.396	-610.045	-1642.032	2126.360	-4628.575	-2382.105	-4091.681	-1827.112
LUN240	LUN240	168595	1.0000	8778.387	6850.544	1922.647	511.224	-1642.445	2219.030	824.344	3396.890	2225.655	79.096	1530.966	-19.765	2986.936	-872.530	-2164.498	-3378.398	-7830.674	1760.543	-456.291	138.036
LUN241	LUN241	168595	1.0000	8438.401	6858.018	2043.596	5220.048	4112.954	-6470.316	864.003	-4538.587	-1991.914	1858.596	596.619	-802.355	1773.619	-844.102	3779.409	614.054	133.630	2043.638	-4413.667	-3921.426
LUN242	LUN242	168595	1.0000	1902.116	3308.291	376.292	-1339.690	673.465	-961.155	-4028.613	-1246.934	-461.923	-348.812	627.787	-262.556	-83.007	-824.711	1194.219	4255.194	3193.083	-3076.713	-4979.713	-1682.872
LUN243	LUN243	168595	1.0000	2222.476	4929.020	-1455.529	-1645.437	-3811.922	1857.716	-653.849	-2116.329	1577.184	3058.678	-2487.335	5215.563	4164.022	-2082.473	-4429.011	2179.767	-498.203	-791.302	2265.754	-1450.296
LUN245	LUN245	168595	1.0000	11545.436	2302.407	1418.115	4044.908	4556.350	2759.256	-4540.749	-77.980	-986.922	-954.358	-1830.613	334.818	5997.673	2654.059	1861.538	-3286.013	-631.491	-2368.382	-6462.953	122.051
LUN246	LUN246	168595	1.0000	9107.566	5204.268	5357.634	6400.383	2764.128	-3919.136	1643.001	-2977.785	3672.320	1084.062	-1871.474	1316.187	1738.938	5397.760	4723.783	-1195.467	2211.436	-363.974	2408.552	241.696
LUN247	LUN247	168595	1.0000	10539.723	3730.561	3641.644	6279.521	7018.014	-2946.007	-1168.337	3399.362	-1056.182	921.331	2050.397	5155.875	-136.088	3829.063	-2312.814	4652.336	5603.042	-3754.785	-1953.139	-570.955
LUN248	LUN248	168595	1.0000	562.396	6648.657	1685.761	-2921.882	5648.854	-5120.040	978.016	-5599.221	6152.240	-4376.304	753.873	-4635.858	3748.979	885.781	2141.393	1165.104	3212.286	-658.214	-379.679	-2179.800
LUN249	LUN249	168595	1.0000	7240.503	4301.952	1377.041	4461.567	3572.903	-6785.814	-975.444	-1368.023	-1804.455	1692.348	-975.604	4201.510	-68.503	-2192.799	-3742.494	5698.816	307.917	-3710.183	2343.432	-577.157
LUN250	LUN250	168595	1.0000	16691.183	1696.238	2406.767	1960.631	9881.085	1691.667	-2595.593	6983.831	-869.710	1496.496	-615.336	-1159.845	2137.841	5510.126	1989.445	585.491	1645.227	-5012.246	-1895.083	223.672
LUN251	LUN251	168595	1.0000	2921.379	4628.996	1184.410	3820.232	-14164.075	-1008.796	1780.114	2122.951	3391.126	2241.613	-3668.591	-1351.584	3891.128	-3435.857	-2739.808	2104.254	-1419.086	3619.645	-1091.309	258.994
LUN252	LUN252	168595	1.0000	10308.422	2562.856	-2444.065	916.528	6897.171	-1522.540	-985.593	1132.596	-1141.926	-2992.323	-2197.926	-2054.631	-2613.960	300.939	2279.291	-4214.782	3866.899	-3803.697	-5052.286	1532.181
LUN253	LUN253	168595	1.0000	6535.908	-109.355	2327.698	1602.004	3206.637	-1245.935	1658.822	-1298.658	569.677	-1835.367	-173.889	2471.798	5176.800	-4199.090	-1124.752	-4920.532	686.777	-2493.996	2929.195	-3586.012
LUN254	LUN254	168595	1.0000	4401.988	4359.407	874.027	4597.007	1003.002	-505.862	2601.165	999.433	-46.332	4103.419	-3077.060	1568.797	-740.062	1429.810	-549.392	-4451.794	-4169.985	63.713	1371.010	-3370.657
LUN255	LUN255	168595	1.0000	11356.280	-6916.424	-8175.536	4055.114	1324.487	1838.225	-1786.442	-501.599	1238.594	-4382.124	4446.711	-429.262	-8096.432	-3175.818	-704.966	-1677.613	-2421.171	-5027.508	-3971.999	3128.389
LUN256	LUN256	168595	1.0000	7634.982	3004.938	1698.499	6022.914	1776.043	-291.261	280.317	-955.542	2061.083	-2181.657	-790.303	1993.193	-1548.194	2103.189	-890.220	723.115	-972.651	1403.537	1226.674	1425.540
LUN257	LUN257	168595	1.0000	7848.213	1292.156	-735.633	1296.955	5989.867	-2159.586	735.565	4416.408	6725.170	-2676.316	-3933.455	82.661	1921.484	2004.859	-5863.610	2459.361	-2414.062	-2467.319	649.836	4863.979
LUN258	LUN258	168595	1.0000	10302.397	2376.985	3772.496	3927.866	6918.099	1048.997	-2917.832	5329.889	258.170	-129.741	1341.720	2164.649	502.480	381.251	-4124.803	7189.758	241.199	1162.896	-5127.574	580.276
LUN259	LUN259	168595	1.0000	8959.097	1262.607	3148.853	4558.657	1746.443	-3046.084	2736.706	-1347.344	3332.570	2664.268	1299.327	-1482.506	-1899.666	1087.111	-4129.863	-2840.243	3579.831	-394.989	-1636.758	3799.057
LUN260	LUN260	168595	1.0000	13820.427	2984.825	2485.423	1073.835	6320.386	702.218	-3406.648	6423.744	-2491.986	-2209.423	-2749.256	1899.112	708.245	3694.268	-8931.340	-291.888	4020.271	-3742.265	-1501.267	-1907.492
LUN261	LUN261	168595	1.0000	11415.470	-1571.195	-778.989	2866.279	3993.498	-866.251	-410.795	1996.755	528.821	-6164.937	1638.960	1725.629	1909.040	-125.837	3303.540	1805.800	-255.911	2899.094	1364.767	4019.189
LUN262	LUN262	168595	1.0000	9639.086	4073.267	4874.281	1497.429	338.030	1312.188	-1842.876	8161.545	603.209	5442.763	-1607.934	957.480	-1139.057	-2637.137	-2554.968	1921.776	2022.408	-652.480	1739.609	-1784.199
LUN263	LUN263	168595	1.0000	11451.443	2142.367	3628.865	4725.894	3751.316	-573.431	-2309.789	2963.931	-327.325	-1775.722	265.449	750.428	1058.571	-298.964	2233.355	1855.300	420.961	83.114	1737.034	5404.495
LUN264	LUN264	168595	1.0000	12103.551	3180.426	732.446	5700.400	6896.149	-3134.567	-408.329	-160.476	853.431	-1729.096	564.280	2916.198	-2594.456	1386.894	-2796.563	-2825.023	189.303	-2888.201	3913.563	-1484.408
LUN266	LUN266	168595	1.0000	9767.702	207.593	-86.613	62.429	633.690	-1391.804	-4768.970	1303.398	1456.778	3457.604	232.167	3629.966	244.091	1734.576	620.004	-1841.489	-90.887	-2325.450	-784.815	-6499.347
LUN267	LUN267	168595	1.0000	3294.447	3861.398	2016.274	1586.253	2411.633	-6476.842	-677.015	754.100	-3879.056	-2184.389	979.809	1238.041	2936.315	4605.835	2204.394	-2972.883	-5262.403	-760.357	-305.256	-989.537
LUN268	LUN268	168595	1.0000	2472.454	4302.713	-133.808	59.037	597.091	-1760.473	415.931	2284.338	2422.533	-3160.734	-218.244	1198.122	-1743.107	4178.382	-19.469	3027.053	-1037.335	-2504.605	-3344.687	-915.922
LUN269	LUN269	168595	1.0000	10863.051	1831.237	4401.669	5660.271	9772.102	1562.792	1013.054	5928.114	-4639.003	-374.736	-1036.376	-845.442	-3227.535	3395.936	-3528.615	-1407.041	-1537.420	212.718	1137.919	1397.844
LUN270	LUN270	168595	1.0000	10408.673	582.180	3762.318	1200.972	4653.786	-2563.368	3375.486	4442.615	-1485.420	-3513.532	-1070.941	-1192.224	-11.716	-2177.527	830.183	-6453.576	-1824.748	2232.266	404.980	2805.501
LUN272	LUN272	168595	1.0000	13078.381	-10272.090	-13886.001	5975.866	-4969.050	1194.537	-3572.978	272.614	-123.595	2377.564	1647.573	2424.749	-1206.750	3543.064	3523.512	565.595	-2582.669	-638.475	1530.157	-3630.864
LUN274	LUN274	168595	1.0000	398.357	4769.453	-968.326	-789.629	-124.596	-1620.067	853.988	-299.358	934.046	1026.072	-1280.070	791.257	439.210	-651.576	135.727	-2092.659	3841.941	1968.014	-242.620	-807.545
LUN275	LUN275	168595	1.0000	9749.673	1670.922	1163.446	2379.909	4160.015	-4717.546	700.044	1284.435	-1895.687	-2659.209	-2899.664	-1784.605	1056.490	2489.665	4132.382	-449.509	5.089	816.981	-727.191	-815.658
LUN277	LUN277	168595	1.0000	12031.637	1890.821	2976.727	3575.256	4213.778	259.353	-2995.475	1886.381	-3262.951	-3202.258	117.386	1598.702	-1845.845	1105.567	770.783	-3515.344	6934.906	-811.720	-3086.880	-5875.112
LUN279	LUN279	168595	1.0000	6582.904	-572.824	-522.324	3084.268	880.410	1108.510	-1567.436	2330.072	4985.995	3175.775	4295.828	4967.055	170.854	1750.419	1690.309	1274.031	2292.620	1205.150	-695.001	-1780.353
LUN280	LUN280	168595	1.0000	3987.281	6436.694	747.121	485.495	-4604.434	198.349	1574.201	-3221.445	-5392.388	-1.920	636.038	597.858	515.218	659.949	6154.409	-3151.758	-5550.940	256.257	-1058.315	-1635.343
LUN281	LUN281	168595	1.0000	4832.161	5583.160	205.036	1743.440	-2836.599	-1995.877	-2046.388	-4002.455	1565.685	3496.352	-199.335	-2097.396	-5469.883	3326.128	279.682	-455.763	881.345	-521.665	-2411.186	1393.001
LUN282	LUN282	168595	1.0000	10460.794	4783.343	3794.820	3387.655	1210.816	-4492.624	1222.665	1800.421	3072.546	-5361.285	-1197.352	726.678	72.721	225.726	-2957.734	-2974.241	2125.365	3679.118	-3440.879	1846.393
LUN283	LUN283	168595	1.0000	-3284.726	5745.069	-1058.359	-2042.720	2530.230	1470.633	750.002	263.383	-3497.597	321.290	-5121.607	-2995.608	-2820.064	1122.409	3421.236	-2969.174	-2717.469	-1394.851	633.851	-1344.182
LUN284	LUN284	168595	1.0000	9552.686	-14047.514	-17042.634	2405.455	-2785.295	3107.753	-3303.835	1582.245	950.532	1480.521	4506.815	5049.505	820.667	3842.803	4106.856	492.610	-1632.964	-59.709	-4364.574	-741.985
LUN285	LUN285	168595	1.0000	2044.419	3009.302	-994.876	547.975	4008.102	-3830.481	-3341.986	-2764.905	2137.303	5470.209	-334.264	1411.428	-2581.259	-1126.851	248.363	1217.457	4594.189	-1645.830	-1682.874	2537.743
LUN286	LUN286	168595	1.0000	6055.104	6057.582	2639.129	-291.044	-650.852	-613.636	9.589	-957.322	773.198	2111.814	156.189	1067.020	-410.004	3773.408	-3311.659	746.725	-1616.423	9.968	-3845.808	4589.077
LUN287	LUN287	168595	1.0000	5163.495	1125.532	-2874.986	3799.557	4691.375	-296.374	33.014	49.483	1193.533	-4220.858	1938.144	1401.387	726.084	1009.361	4425.682	763.122	4716.508	-5354.457	1324.678	-885.525
LUN288	LUN288	168595	1.0000	2062.296	7277.021	439.651	-2277.254	-876.934	-1819.572	-1864.722	1809.304	2839.596	2909.151	-2486.391	-515.445	2364.164	-707.409	-1684.092	1513.830	2512.338	-2001.743	-444.909	1004.965
LUN289	LUN289	168595	1.0000	13258.949	6868.567	6686.671	6245.105	9676.884	-2088.763	-4131.727	5042.580	-509.856	381.485	2003.221	2124.728	-3615.165	-3941.195	-372.064	273.783	4209.464	-2252.734	-1435.157	-3559.776
LUN290	LUN290	168595	1.0000	6991.459	2495.381	2486.952	7459.286	4879.558	-4355.106	-1435.332	-7349.712	2609.705	2605.998	1155.310	-1618.940	-2709.854	-1486.567	-4394.159	-3108.228	-3224.696	4428.806	191.541	2010.341
LUN291	LUN291	168595	1.0000	21806.810	-21153.075	-16813.303	3184.754	-7777.915	799.205	-4506.526	2229.203	7887.580	-4226.496	-5490.694	-720.231	2705.903	-2580.434	-1222.982	-650.828	6383.445	-4855.115	2452.854	6667.300
LUN292	LUN292	168595	1.0000	5108.902	3072.383	1066.446	2185.856	126.916	-653.518	-727.221	454.350	4415.274	1419.926	2375.857	42.931	-5344.305	1610.342	1171.534	-2428.907	2802.676	2381.520	1149.316	-1173.521
LUN293	LUN293	168595	1.0000	13422.414	-16725.239	-20973.063	7012.610	-3982.841	2481.330	-4316.729	4532.578	880.734	-1761.925	-414.919	3161.402	760.390	9346.667	-179.513	-3181.017	-2106.971	5135.396	-1853.200	2365.025
LUN294	LUN294	168595	1.0000	5465.693	-2823.474	-9347.634	3350.769	-1391.606	-540.712	-3012.903	-2131.881	1724.548	-57.574	-1677.329	8421.481	2046.709	-605.198	255.221	270.984	645.719	-2497.163	-1027.985	-641.064
LUN295	LUN295	168595	1.0000	6670.804	5871.806	850.480	3397.614	2581.677	-3804.950	-2110.536	-7239.173	29.755	1018.817	-1279.828	-4032.329	-2351.431	4375.792	-2770.049	430.915	-177.711	-72.366	2282.868	-3948.682
LUN296	LUN296	168595	1.0000	13409.338	3657.124	3924.168	6283.150	8506.569	4889.754	-1326.093	5460.582	3168.101	-4940.673	4204.337	904.479	-46.800	1594.270	-426.289	-865.928	2746.265	1112.779	-2029.679	3404.622
LUN297	LUN297	168595	1.0000	2250.799	3980.150	1215.055	-231.709	1645.970	-62.463	-1610.170	2614.213	-240.064	471.788	1592.114	-1168.701	-1186.938	-2640.764	-3789.083	-4880.542	2824.710	592.377	1733.675	-267.964
LUN298	LUN298	168595	1.0000	2408.295	6956.416	554.477	-3203.688	-11736.311	-5221.733	-2095.738	2664.574	66.866	-1968.518	-3178.074	-1652.717	2229.852	59.621	-477.862	-1936.988	-2815.670	-1821.939	6340.145	-2867.269
LUN299	LUN299	168595	1.0000	9287.705	-1433.794	-3986.703	3703.133	2213.214	-2607.863	-3321.738	-1728.434	2936.562	2673.808	-320.614	71.141	-4520.143	6171.583	3988.810	1731.881	-1681.312	-4628.091	-2010.801	522.244
LUN300	LUN300	168595	1.0000	11158.350	5559.270	3282.354	6522.286	6075.349	-7641.793	1205.866	-5768.850	5668.623	4035.162	-96.445	3007.891	-4523.151	1025.432	-4432.508	4155.504	947.225	845.965	-6270.933	-115.390
LUN302	LUN302	168595	1.0000	9428.805	3490.521	1136.624	5954.162	940.828	-4336.396	-3016.150	-3617.740	-5.350	660.393	-4960.390	-724.746	1049.679	-401.683	1079.944	211.154	-978.672	-625.458	-5380.827	-2825.153
LUN303	LUN303	168595	1.0000	6068.073	775.808	-6594.408	1180.863	-1107.988	-488.683	-3963.558	-1776.515	1085.124	856.587	-1259.925	578.508	-509.073	153.334	183.334	1060.713	-136.549	-2489.641	-5371.925	3566.123
LUN304	LUN304	168595	1.0000	9230.564	7758.517	3373.073	3220.890	5480.240	-5519.065	939.830	-1336.928	2494.579	-1728.188	-3138.345	-76.282	-720.712	597.113	5302.871	4048.599	5093.610	120.810	2219.140	3203.735
LUN305	LUN305	168595	1.0000	1266.421	3955.430	-408.792	-1495.095	4910.918	-1608.019	-1025.125	-995.950	1444.932	5102.495	334.671	766.525	706.139	-811.544	886.908	-992.476	873.491	2559.210	52.066	1941.729
LUN306	LUN306	168595	1.0000	12900.633	-11537.346	-16252.036	3330.233	-6490.228	126.538	120.467	2118.087	-835.229	749.232	1892.055	3334.335	2922.306	1050.827	6.211	-1660.182	958.914	410.009	2345.695	-2773.300
LUN307	LUN307	168595	1.0000	10201.241	-10915.466	-15786.312	6563.937	-2371.069	2423.982	-1789.720	566.364	2302.939	5374.325	-3001.929	1871.467	-3064.392	2274.531	1357.813	3773.019	-6226.688	829.147	1346.236	-712.527
LUN308	LUN308	168595	1.0000	612.932	5834.098	397.731	-3533.381	-10041.074	2199.466	-1406.911	-1412.443	-4354.472	2373.379	1174.316	-5736.687	4640.286	-935.639	570.573	-1636.474	-5332.078	121.676	-3288.665	4665.678
LUN309	LUN309	168595	1.0000	9459.737	1697.260	2025.277	1407.541	5015.823	90.867	-784.034	4517.025	-1570.306	-4250.122	3089.237	-549.978	6150.149	-627.349	3720.786	1929.705	2189.910	-3019.913	-1670.662	3471.089
LUN311	LUN311	168595	1.0000	400.648	4280.330	281.428	-423.321	-12.340	-1477.662	-2729.842	-3753.779	-282.764	3575.352	-6327.967	-334.149	3374.557	-4289.370	-1148.860	-1630.547	2410.153	3710.974	-7511.836	-3908.479
LUN312	LUN312	168595	1.0000	12366.366	1893.556	2971.194	5150.317	8228.812	-2155.514	15.205	1817.164	2962.454	-1953.709	5350.093	1879.277	-4125.662	924.567	1634.968	-361.366	1072.099	5844.160	-3231.340	-4036.095
LUN313	LUN313	168595	1.0000	10898.826	4935.122	4149.613	6546.775	4844.331	-4035.771	960.296	-1788.722	1970.440	1082.309	1995.753	2055.065	3095.041	2636.280	-3628.595	-2384.432	-2023.186	-2124.783	1418.522	-2050.131
LUN314	LUN314	168595	1.0000	4792.992	7669.717	2954.099	2158.333	-247.073	-6367.645	-2369.237	-4186.353	1430.547	2352.049	-1700.345	3800.273	-1851.677	-1458.165	1659.545	-1285.814	-1406.406	2445.857	-1144.570	3996.279
LUN315	LUN315	168595	1.0000	9642.165	4096.409	6129.679	6297.646	-3696.855	-1840.587	1523.710	-1818.836	1670.313	1095.749	-2309.237	4139.476	1231.299	6201.069	702.419	-3070.947	663.793	-2984.327	-2532.577	1328.026
LUN316	LUN316	168595	1.0000	-6418.719	4683.986	-2346.802	-4478.548	-1139.668	-138.570	306.105	-65.427	827.029	89.508	2200.284	-1214.145	-2301.154	-136.548	-5808.834	805.961	-4755.644	-418.846	216.975	-3654.192
LUN317	LUN317	168595	1.0000	13273.284	2794.582	4547.524	4392.116	12736.377	-780.307	-3861.073	2642.510	-3691.546	-1246.008	3493.473	3838.542	-3730.680	6294.903	-2024.215	-623.961	-942.794	-812.599	2162.123	1818.398
LUN318	LUN318	168595	1.0000	13534.440	2748.791	4170.188	5896.628	6590.939	-1434.130	-4497.706	1656.135	1117.116	-645.966	-2757.407	-2510.164	1526.543	-3849.003	-1313.662	140.076	290.110	1065.186	1132.243	301.337
LUN319	LUN319	168595	1.0000	2229.331	4622.378	1800.731	-214.443	3644.829	749.940	-2983.644	1615.221	3850.865	-3437.709	-3988.273	1517.125	6812.312	2271.676	4890.046	-1915.267	450.823	1326.798	-1228.510	-1658.909
LUN320	LUN320	168595	1.0000	11213.318	-9341.091	-14060.965	4401.849	-1970.573	1038.483	-1960.254	-1315.025	5783.631	-2057.482	2204.005	391.754	-773.093	434.270	-2867.740	-2397.909	1685.553	-2279.404	-2423.469	-2783.979
LUN321	LUN321	168595	1.0000	-4343.746	4342.032	-1479.500	-5537.545	-4868.454	-215.631	170.417	-2756.472	-1266.792	1974.375	-2397.645	-5158.304	-105.978	3532.686	662.107	-973.458	2870.491	1062.246	-921.621	1801.210
LUN322	LUN322	168595	1.0000	4959.471	6623.155	1267.345	5515.303	313.189	-2863.296	-511.946	-3428.236	206.603	2628.657	1059.592	-161.371	-538.106	-2400.464	-711.356	-1643.753	146.476	1432.239	-1806.460	3994.289
LUN323	LUN323	168595	1.0000	4002.530	7140.151	1447.229	-137.530	-17070.992	-1636.123	4571.768	2151.618	-5282.147	1112.775	954.360	3130.508	339.605	-1640.537	-2469.628	-351.402	-164.728	804.132	-3060.162	1494.909
LUN324	LUN324	168595	1.0000	8262.299	3532.606	2449.581	938.535	3959.419	-2410.191	-1484.657	-576.148	1140.517	-14.019	-3340.831	189.253	1585.815	-4289.921	-94.147	-4987.740	26.119	4329.844	5500.616	4225.748
LUN325	LUN325	168595	1.0000	11198.655	2576.843	3475.499	3991.951	2546.519	2577.410	82.272	1080.293	-4212.609	-337.163	4881.309	437.703	1505.300	1005.538	-4507.448	-2898.668	-1992.075	110.929	3654.224	-59.059
LUN326	LUN326	168595	1.0000	1119.551	3345.419	1277.714	1754.934	-635.064	-1693.698	-1403.707	-3007.538	-293.774	2557.936	-4111.458	-4417.084	1922.187	-1152.705	945.008	2293.645	-1217.619	-3152.870	-1051.363	3120.382
LUN327	LUN327	168595	1.0000	-6487.253	3253.723	-48.781	-2602.889	-575.078	-474.226	296.217	-439.848	-1614.667	4924.341	269.747	-233.436	-2146.118	2995.237	1489.061	-3421.075	-2225.499	-1226.116	1312.911	-6248.177
LUN328	LUN328	168595	1.0000	5122.459	5312.335	5023.718	-1581.412	3680.970	-4402.910	74.163	-514.416	1998.004	3614.641	-1963.540	-1438.469	-1399.407	-3173.280	-3156.468	3125.815	-684.051	4126.850	-2814.267	-5521.429
LUN329	LUN329	168595	1.0000	7095.895	1945.895	144.660	2350.952	3169.997	361.129	1205.405	-371.009	2245.627	1773.829	-38.967	3753.940	-2467.349	2856.575	1864.449	136.394	-109.182	212.140	-532.502	20.262
LUN330	LUN330	168595	1.0000	12814.091	-1247.059	4466.957	4382.172	5815.462	1669.755	-2257.230	5937.434	-3331.020	-481.492	-7066.040	2059.761	2249.742	2964.060	-704.396	-498.805	-1595.556	2268.045	-3517.541	3019.451
LUN331	LUN331	168595	1.0000	4095.129	5360.163	-218.602	648.256	-5702.312	2130.165	-1341.937	-1664.992	924.746	1282.698	2573.181	898.472	176.029	5882.671	-1384.683	3302.117	4195.117	1878.276	577.055	-2547.725
LUN332	LUN332	168595	1.0000	2524.984	4889.217	3107.618	-858.193	-1212.594	-3020.068	536.397	-1156.562	162.789	1950.616	1415.522	2103.451	-2524.632	1183.113	-73.341	305.667	-2289.723	730.039	1024.858	1530.014
LUN333	LUN333	168595	1.0000	-1182.651	6155.219	3892.318	-69.258	-3275.584	-61.742	-1530.131	-5514.738	2100.515	4234.518	1966.509	-1074.837	-838.570	1235.127	-3143.620	-1840.636	1017.995	1967.157	113.867	-1506.940
LUN334	LUN334	168595	1.0000	5666.405	4888.582	4804.161	1192.079	1831.867	-3930.808	-484.655	855.902	101.434	562.013	-4644.929	2778.573	-791.398	-687.135	1279.576	3927.179	-1539.323	801.222	625.535	-1760.405
LUN335	LUN335	168595	1.0000	8759.425	4021.062	347.746	1886.218	2343.616	-2746.232	922.328	-2518.572	5642.443	3916.630	-1594.689	859.010	1552.731	1524.924	733.741	-1792.753	-2153.114	3590.703	-4914.370	-1678.225
LUN336	LUN336	168595	1.0000	10345.963	2934.960	2555.417	7956.346	3990.259	-3597.672	-411.705	2032.677	6754.674	2913.237	-1313.353	-1980.837	-1375.213	3949.337	764.804	2054.831	-2005.408	2690.061	-3041.280	6523.763
LUN337	LUN337	168595	1.0000	7681.935	5575.791	2432.371	928.050	-2502.504	-2149.975	-1076.895	909.330	981.135	200.119	4089.279	531.247	834.542	-2548.217	3128.348	-700.925	-877.027	2315.725	-2649.377	-2207.042
LUN338	LUN338	168595	1.0000	6536.334	2403.229	1835.118	-526.146	5144.312	-3695.530	-1765.093	1501.744	1185.100	1440.573	125.026	-3337.318	2196.204	-2046.776	-3650.247	1178.304	4455.600	1283.049	3486.007	-866.091
LUN339	LUN339	168595	1.0000	-1341.072	4536.881	-27.735	-1993.484	666.738	-480.702	-645.699	-1766.391	-1421.819	2206.324	2369.051	-3371.505	925.687	2725.360	-1685.118	-2308.943	-1671.198	2450.609	-223.629	-905.547
LUN340	LUN340	168595	1.0000	12127.995	-14017.734	-17995.473	5242.330	-6309.989	2174.313	-641.718	-1935.084	1812.893	-691.022	4401.943	3654.471	-2566.821	3771.672	-1047.796	2337.070	-3602.673	614.256	386.643	1490.617
LUN341	LUN341	168595	1.0000	7309.211	5962.171	4741.670	5151.931	4344.510	1225.561	-3152.201	-2595.436	4810.070	739.119	399.401	3890.747	1046.470	1525.359	-894.957	-2888.568	-4950.988	2325.771	-2220.518	-670.129
LUN342	LUN342	168595	1.0000	8773.027	4209.586	3401.984	3369.150	4871.998	350.419	-1153.337	-1118.484	2514.142	-1814.236	-4158.672	3329.534	2731.739	1148.800	-2020.960	448.858	1563.126	-1178.678	-1206.178	3482.833
LUN343	LUN343	168595	1.0000	4962.916	6191.411	1405.254	-654.984	4501.148	-4345.547	-2623.846	-2461.259	-314.026	-855.746	-453.084	-2887.583	4291.203	1730.240	-2146.682	3806.015	-1678.178	390.630	-1676.264	1252.721
LUN344	LUN344	168595	1.0000	8374.179	3842.457	3490.103	5896.717	3253.743	-3513.841	2339.121	-6964.452	609.142	5270.519	2110.524	3223.328	-3846.413	533.552	-898.114	-1139.309	1012.127	2244.522	-3168.166	-2415.764
LUN345	LUN345	168595	1.0000	2281.657	4715.687	1133.883	1105.703	-6236.993	-977.364	932.328	-438.949	-1865.032	4376.365	3256.181	-32.508	5378.955	-4351.271	-985.271	-2786.443	182.301	-3268.192	-3651.971	5454.593
LUN346	LUN346	168595	1.0000	7236.618	3870.366	5084.011	2352.576	-3483.996	-248.029	423.319	1713.890	-1204.251	-1981.457	-1412.821	280.171	-2593.045	-2918.019	-2745.245	679.425	-226.757	1679.870	-1170.885	424.254
LUN347	LUN347	168595	1.0000	14269.336	2286.913	3468.515	3079.941	9250.723	-1883.823	-2785.383	7266.626	-1418.185	-6753.933	-968.236	-1970.250	-349.952	-1835.951	-1340.336	7814.344	3245.805	-761.266	-4301.983	-2947.597
LUN348	LUN348	168595	1.0000	-160.948	7713.570	-141.748	-2573.594	-12086.287	-400.287	2089.097	2380.545	1252.929	422.298	-5494.754	1288.781	3044.526	-6487.688	278.499	-1896.801	1778.027	-4476.169	2208.004	-3655.051
LUN349	LUN349	168595	1.0000	1692.142	4540.625	1984.571	-1175.681	1933.314	-1917.024	159.540	-551.554	-2524.080	-4138.755	-703.535	-155.722	-1605.324	2145.521	-1350.292	-1685.506	-955.844	-391.680	-6573.445	2409.084
LUN350	LUN350	168595	1.0000	-173.799	5890.766	583.925	-1214.615	-1488.008	-2056.827	2201.034	-1247.798	-2499.993	441.784	3219.340	-2070.690	-731.538	-2763.250	863.719	1655.292	2100.906	632.695	-863.889	-3171.866
LUN351	LUN351	168595	1.0000	8244.681	-681.424	1257.467	3331.414	2313.531	2029.579	-2305.171	4060.514	2189.027	-1578.162	-2369.629	2433.973	-1389.410	4062.374	23.300	-638.213	-414.206	-1907.159	1601.923	102.185
LUN352	LUN352	168595	1.0000	6254.956	5691.199	1648.036	3578.355	2329.354	-1177.063	-1892.156	3176.738	2797.922	289.392	1649.939	5072.529	1586.240	-2067.633	-1424.324	-2792.388	-3406.985	1267.210	2928.960	-207.379
LUN353	LUN353	168595	1.0000	8142.705	2973.817	1499.871	2136.259	-1027.123	-2778.633	-727.812	4645.894	231.376	-2709.237	2929.296	-1539.274	4544.865	731.561	-4155.026	-705.171	493.659	2410.535	-1178.612	-230.683
LUN354	LUN354	168595	1.0000	7816.704	1742.079	1394.169	2590.484	4056.233	-1885.976	-4997.740	3518.236	-4318.496	2023.310	2086.024	-4530.262	2872.987	326.087	1962.365	1113.871	5064.315	-683.518	-4514.017	-3472.055
LUN355	LUN355	168595	1.0000	-976.158	4562.433	-1395.617	-4282.674	243.481	2172.208	96.877	-1615.040	-3000.031	1158.645	-4280.171	-275.043	613.874	1609.441	-210.736	182.807	5812.796	-3042.833	38.935	1194.941
LUN356	LUN356	168595	1.0000	6830.321	4295.735	2539.802	699.060	5299.510	-5835.435	-3466.139	-1237.053	102.399	1606.387	-5220.359	-3278.284	262.697	-3812.111	-1455.445	-4658.089	-207.365	-4114.784	-1857.969	-1330.061
LUN357	LUN357	168595	1.0000	5375.167	6166.562	361.052	55.545	-8512.445	719.370	239.403	813.268	1021.981	29.192	-151.492	-3379.760	-183.882	1218.152	-456.099	3787.188	-2014.079	594.409	864.285	-424.722
LUN358	LUN358	168595	1.0000	7905.346	5221.164	4883.685	2755.069	2004.041	-5323.056	678.548	-3862.802	5598.656	3837.117	-2266.609	32.221	-4013.631	1595.763	2050.473	12.811	710.047	512.642	-3750.410	3093.448
LUN359	LUN359	168595	1.0000	6939.673	3545.524	5215.936	4999.278	3423.930	2850.946	205.063	3739.162	-3683.446	1129.703	-154.731	-958.093	775.278	4198.993	3769.674	1858.802	124.898	-1847.673	-1084.880	3370.443
LUN360	LUN360	168595	1.0000	4573.883	3777.434	1276.036	1310.317	753.091	-4169.862	-1700.823	-1254.436	1137.489	1298.613	-1261.816	364.052	-522.152	-2779.856	-1445.002	-3643.974	-1089.186	-2769.768	3432.262	1335.988
LUN361	LUN361	168595	1.0000	9932.745	-732.445	-2650.193	2586.197	4223.880	-2808.728	-2299.271	-3540.946	51.790	1661.535	1074.008	3819.799	-960.031	1363.503	-1332.274	-5362.053	-2309.061	4671.903	2142.402	6311.934
LUN362	LUN362	168595	1.0000	7876.092	2941.851	1396.812	2810.337	3002.859	-3638.913	2802.922	1990.083	24.074	3775.348	-3331.262	-783.327	1383.497	1432.182	-1072.470	281.852	-4435.280	-115.426	-731.962	2680.318
LUN363	LUN363	168595	1.0000	8189.989	3312.216	-1624.713	1578.951	4770.879	705.262	-1085.284	4263.148	-2629.831	1108.601	-2560.168	-1270.804	-2887.654	3591.546	1212.120	598.385	1227.851	3512.454	-281.848	-1387.889
LUN364	LUN364	168595	1.0000	12443.142	2503.510	1176.615	4129.869	4675.184	-385.037	-1188.842	4885.932	2126.363	-2028.173	-1339.900	4067.935	2652.959	-5129.645	1597.053	4136.835	4618.066	-56.991	-3246.197	-1381.361
LUN365	LUN365	168595	1.0000	9511.654	1175.304	-244.678	4014.227	6300.471	-84.772	-3716.259	1305.835	2028.854	258.011	1117.206	1649.804	-770.987	1783.938	-458.066	1576.499	48.922	-819.460	-2297.131	4002.336
LUN367	LUN367	168595	1.0000	11104.633	2549.637	1847.098	452.502	556.424	-1576.016	-2347.885	6261.719	-1615.347	2127.493	-878.323	-69.524	-4299.056	126.603	-1615.814	-191.552	-2693.548	1211.248	3261.140	-457.220
LUN368	LUN368	168595	1.0000	10515.541	2475.766	2453.813	4216.067	5248.394	-1311.097	-646.712	414.474	798.388	-2964.166	-5380.474	2864.610	-88.695	505.215	-3651.274	606.678	-1896.054	-162.892	-902.133	5892.469
LUN369	LUN369	168595	1.0000	10989.211	284.651	2603.516	4373.030	5484.984	-289.112	-1443.868	3865.213	1628.968	2855.754	1081.600	-772.700	737.848	649.260	880.309	1204.753	5645.926	2629.989	-1499.840	2568.256
LUN370	LUN370	168595	1.0000	7164.942	-180.139	-4097.339	4443.897	1969.797	380.124	800.050	2272.776	3130.915	166.035	-531.093	-4012.153	256.093	1694.977	5491.132	4646.329	-1419.742	-238.958	-2379.697	-2873.781
LUN373	LUN373	168595	1.0000	6880.598	-1968.579	-4649.616	3299.077	1178.375	-2396.616	-2087.645	-4752.387	-1123.088	-1918.807	-4231.974	1308.739	1537.403	1468.755	-4402.373	1971.379	-3965.600	-4050.040	-561.629	1521.979
LUN374	LUN374	168595	1.0000	11014.620	1119.888	1779.515	3056.744	3773.997	-1224.598	-940.021	4308.801	-1694.244	-1006.313	2171.747	-3027.660	-1875.170	2508.256	2682.970	5576.445	3750.568	1037.136	-338.489	-1138.864
LUN375	LUN375	168595	1.0000	7914.908	3881.141	3342.709	2727.692	2598.909	-3001.595	-2013.722	-3557.018	4666.913	-1076.652	-1995.297	-1317.373	-1143.141	-2329.904	4230.274	980.495	5218.992	-3545.429	-812.538	-1858.479
LUN376	LUN376	168595	1.0000	4719.446	4025.811	2229.977	2057.437	2856.834	-3753.812	-1758.096	4895.448	1964.615	-3884.515	-837.233	616.532	922.561	2674.044	2629.667	323.382	1469.920	2586.415	-1516.550	-212.296
LUN377	LUN377	168595	1.0000	9316.716	4563.588	3302.287	4342.169	4447.812	-5339.293	-2378.931	2511.543	3509.474	1616.225	-3844.556	4668.382	-5252.667	-358.514	1722.233	308.378	5150.488	-160.485	-2735.133	7251.880
LUN378	LUN378	168595	1.0000	12871.142	1474.016	2821.546	5653.831	4711.551	-1752.360	-852.829	5010.131	1180.863	-3454.565	4762.331	3079.830	1546.481	-1684.888	-2541.102	3028.726	-1909.047	-2482.167	-371.527	-1031.819
LUN379	LUN379	168595	1.0000	6638.977	1787.979	1869.428	1651.171	4244.860	-3212.772	685.437	-1960.372	1104.154	2149.460	-6853.855	4146.347	1320.268	609.159	246.802	-3883.487	-406.190	2640.537	-2289.454	-435.087
LUN380	LUN380	168595	1.0000	9013.701	1799.381	1575.508	3704.254	3871.012	-1272.016	-3972.203	1686.942	-1327.082	-604.235	3023.157	2142.370	-2473.385	1295.794	3675.480	272.491	3849.476	-49.043	56.451	1503.412
LUN381	LUN381	168595	1.0000	9111.248	1335.705	2244.373	3405.933	3879.127	1362.510	-2797.908	3452.458	428.538	-2719.153	-1837.965	1583.963	328.208	-268.071	3229.021	-2597.348	1721.936	458.165	-1978.558	4088.793
LUN382	LUN382	168595	1.0000	1683.988	5488.960	2668.176	599.009	2130.650	-1.096	243.669	-2483.080	1251.419	-1505.399	-379.600	-3014.808	-977.095	-3180.196	-293.334	-1597.531	-1414.758	-1225.843	-5116.661	-387.588
LUN383	LUN383	168595	1.0000	9532.638	3043.753	5061.774	1857.317	3886.034	345.058	-524.381	1435.810	-2332.931	-4183.200	1213.804	-1142.080	-2712.270	-1331.985	2663.932	2646.954	1591.671	1556.493	-162.422	66.069
LUN384	LUN384	168595	1.0000	5836.424	1919.396	2749.634	1806.444	4810.565	-6527.593	-1862.929	1309.925	-673.284	1065.884	189.459	2759.152	1800.501	731.854	1014.079	4788.946	2149.710	-3217.199	-614.952	738.933
LUN385	LUN385	168595	1.0000	9732.299	3069.793	4158.546	2660.150	7580.594	-3168.814	-2079.105	1031.634	2536.008	383.985	1634.457	231.635	3078.455	2675.641	6610.125	1975.828	393.992	3485.256	-2545.959	4026.498
LUN386	LUN386	168595	1.0000	10569.216	6542.708	2927.307	1858.834	1918.365	-7667.390	-1286.668	-7963.475	812.900	2617.150	-3472.714	1238.197	-82.564	-1043.910	1336.582	-74.127	3659.977	980.959	1229.440	-4807.285
LUN387	LUN387	168595	1.0000	7974.147	2680.945	1583.836	3573.877	4106.536	71.475	-1716.570	-3603.404	-3611.977	2237.940	598.012	530.229	-428.963	887.399	4874.965	-1146.352	-1883.084	1105.851	-17.177	3444.886
LUN388	LUN388	168595	1.0000	6865.325	-1271.103	-1882.213	3156.045	2795.051	525.995	22.164	2910.448	-204.524	-2547.087	3540.891	-352.907	-1739.242	331.026	-4037.070	-2050.539	3241.945	-1604.459	-1543.097	-3494.951
LUN389	LUN389	168595	1.0000	8861.993	2987.442	1549.574	873.955	2714.328	-2856.256	-249.719	-557.411	2029.248	2721.655	344.968	-2364.901	-3818.386	1596.654	1563.652	907.694	3413.206	2908.076	-2647.000	-3183.847
LUN390	LUN390	168595	1.0000	9990.226	-3215.561	-2127.462	3910.399	-1144.776	-929.003	1452.321	-247.180	5662.675	2223.190	-137.230	2185.070	-621.264	4166.948	1461.821	-1810.958	-3098.379	-6544.446	-4591.179	-3184.900
LUN391	LUN391	168595	1.0000	14799.514	1477.991	6999.643	5493.838	8550.608	7145.352	-2332.691	13662.236	-3965.676	-2318.767	1823.256	-221.725	1191.318	658.323	627.795	-430.873	2280.454	-5173.497	10.373	1877.063
LUN392	LUN392	168595	1.0000	7523.579	-2655.229	372.097	2664.171	3206.750	2051.424	936.752	2477.928	2121.080	-3434.375	-866.452	875.744	-3424.177	-2286.789	-4042.233	-991.220	-1356.666	-2113.915	-4253.282	-3303.906
LUN393	LUN393	168595	1.0000	9168.995	3943.129	2392.832	2325.109	4648.184	-908.636	-2075.911	7410.925	-4312.441	-2050.399	-898.663	-383.963	2756.194	1516.741	-6224.211	1962.199	1001.964	1946.821	-2854.786	372.697
LUN394	LUN394	168595	1.0000	6562.519	5816.319	772.492	1937.251	4542.583	1483.381	2474.584	-1367.990	-279.588	-2420.251	-2755.889	-2693.368	2941.543	-77.771	-5175.854	-966.522	-1154.814	2919.568	-1137.098	-1353.628
LUN395	LUN395	168595	1.0000	9636.605	2726.676	5285.996	3708.484	4716.721	-4973.013	-478.719	-516.049	2009.894	340.782	-160.971	2886.694	-2355.231	4903.440	-1015.131	5082.327	608.688	-712.735	-8640.559	887.497
LUN396	LUN396	168595	1.0000	7145.880	-264.477	1994.266	2131.223	3239.966	1240.595	-1102.548	-2165.355	1236.324	-440.548	2540.797	130.168	-1338.605	983.554	-329.983	1802.563	655.486	1391.488	-241.017	-3490.663
LUN397	LUN397	168595	1.0000	3060.130	4051.659	3198.360	1500.715	2315.888	-1540.441	-1275.816	-1427.308	6176.779	-481.435	2710.944	4312.131	1355.065	4219.652	2174.846	781.712	6969.491	-3711.899	-727.652	-1849.589
LUN398	LUN398	168595	1.0000	5165.252	-2169.533	-8532.685	2763.230	-338.223	-2303.610	-594.431	1264.547	1454.350	-2494.812	1760.469	1362.247	1400.186	1934.602	319.133	-560.745	-201.079	980.437	5349.932	97.186
LUN399	LUN399	168595	1.0000	6027.557	-4485.162	-5647.383	1514.103	-659.079	823.130	1837.554	-3480.659	5201.775	-1866.264	3829.791	2960.364	-983.945	-1710.751	274.616	-6339.857	-288.429	-3907.558	308.225	-2038.749
LUN400	LUN400	168595	1.0000	10050.373	40.567	2097.546	2567.101	-7718.013	-3121.245	1766.446	2401.702	2431.370	-1770.954	-46.783	-758.937	1200.810	-1188.502	-2422.033	-5968.202	3054.930	-193.199	3891.907	-904.211
LUN401	LUN401	168595	1.0000	7573.449	-561.971	-1024.687	1227.673	4372.517	-2597.149	-854.815	455.699	1042.644	-2846.985	-1372.281	-1585.653	-1421.943	-1312.351	-676.004	34.174	-4863.119	-3893.175	-6569.778	2164.870
LUN402	LUN402	168595	1.0000	9483.251	2570.632	2479.319	3210.924	4145.677	-2127.031	-1049.142	4168.905	1459.555	-1135.484	466.190	-2779.904	-1540.735	441.376	-1774.850	-1138.234	-438.379	3292.575	-2351.611	3431.387
LUN403	LUN403	168595	1.0000	11577.437	3352.306	1679.747	2882.382	6192.535	77.472	-2015.058	3013.318	-1028.963	-3071.529	-1279.135	-972.676	-3303.296	-2784.746	1125.135	57.385	3109.604	5805.894	-607.212	135.998
LUN404	LUN404	168595	1.0000	9153.234	616.828	3293.778	2086.456	4412.612	-461.203	-3634.016	-1865.160	1084.019	3712.277	-105.426	-702.062	2188.790	3486.989	1080.940	398.123	-109.412	-1041.540	-1094.163	-1318.968
LUN405	LUN405	168595	1.0000	2908.383	4010.442	3315.535	229.153	3193.819	-978.612	559.189	-2391.889	-400.015	-1813.900	-337.257	-3184.984	-2522.776	-2208.377	7220.836	1692.223	-639.833	909.921	-478.869	957.399
LUN406	LUN406	168595	1.0000	3590.400	3465.930	879.930	1027.580	3306.553	-4072.647	-291.904	1011.369	1509.694	4199.747	-1065.017	2048.248	1443.907	796.389	-2262.710	-895.004	2942.266	-128.280	-2131.728	-4147.778
LUN407	LUN407	168595	1.0000	11837.836	2414.423	1521.377	2606.573	8404.310	-4475.555	1056.132	5164.716	1431.137	-1517.757	4963.291	4240.921	1198.703	3312.333	165.057	-1908.796	3208.686	-2217.816	1055.555	1508.082
LUN408	LUN408	168595	1.0000	9390.758	4090.343	3782.516	7658.716	4172.051	-1496.314	-2189.134	-697.005	5797.501	-176.615	-4186.497	4015.580	2026.766	-2431.259	504.648	2216.107	2571.233	913.010	2385.175	800.796
LUN409	LUN409	168595	1.0000	8348.995	1899.010	167.735	2869.420	2439.127	717.955	1209.819	-2193.460	-3393.626	-2119.759	2724.366	1207.871	-3392.914	-159.663	1438.955	-3655.028	4973.634	2106.851	-1199.352	-1219.286
LUN410	LUN410	168595	1.0000	8293.607	4304.020	290.339	3111.659	1421.215	-2853.483	271.711	2315.788	-1269.966	-938.010	-548.468	3091.334	2262.767	271.167	-755.195	690.021	316.797	-1140.794	-2782.473	-1732.629
LUN411	LUN411	168595	1.0000	9325.764	1908.106	-543.719	5563.180	3829.089	-1838.816	922.000	3962.749	3409.867	-566.693	3414.237	2423.072	1212.179	4122.786	51.816	4012.319	2341.682	1292.532	1812.886	-1942.551
LUN412	LUN412	168595	1.0000	295.719	4458.396	1305.592	-2473.044	729.664	-726.556	1454.171	-2153.355	-2630.083	2215.333	1220.198	-3010.498	-86.553	-3070.473	-2070.470	-1524.669	22.891	-586.979	2325.331	125.921
LUN413	LUN413	168595	1.0000	8642.690	2189.154	2942.020	3582.095	5552.000	-733.349	-3239.101	2105.941	5515.922	-97.779	1127.805	-1929.218	568.496	-4019.345	-7153.680	-1843.861	-2886.274	-1362.883	-2691.965	1842.041
LUN414	LUN414	168595	1.0000	11157.132	4106.463	618.052	3852.218	1513.513	516.897	-3945.970	4959.172	-393.248	-656.112	1108.199	-6.752	108.338	1766.743	1735.961	-1959.827	1019.291	-2210.267	-976.967	-2453.967
LUN415	LUN415	168595	1.0000	11200.096	-1181.484	1552.570	4318.634	4665.961	-1909.183	-1021.530	2886.523	-2859.865	4218.325	4707.081	332.502	1469.015	1935.374	-4154.087	6079.107	-1639.720	-3420.732	1192.293	1026.862
LUN416	LUN416	168595	1.0000	6347.487	3710.628	3845.114	2917.392	5426.922	-2378.957	-1817.141	3251.668	-347.675	-2789.425	3133.270	3112.488	-3636.245	2432.826	2852.810	86.093	-1844.695	-3009.380	-4890.237	3485.590
LUN417	LUN417	168595	1.0000	9762.547	4432.288	3506.511	2866.064	3321.532	-4769.864	1286.749	-3566.514	585.016	2866.463	-1599.692	3721.757	-263.831	-1824.166	1604.767	1957.591	-2141.248	-2023.720	549.809	-2789.386
LUN418	LUN418	168595	1.0000	4831.388	6619.008	153.843	3392.702	-83.068	-1429.176	-262.702	741.828	226.244	3066.715	-2033.574	2461.778	-2242.782	1354.849	2424.886	2246.736	86.786	-7209.349	-3259.499	3606.270
LUN419	LUN419	168595	1.0000	3256.471	7368.257	2910.989	1683.171	-709.633	-5139.016	1690.044	1692.956	-1075.542	2420.174	-241.919	-964.815	-1176.815	3482.726	1162.503	1290.590	-3011.247	6196.933	-2760.261	3058.744
LUN420	LUN420	168595	1.0000	6975.464	1190.070	-286.236	2575.949	5187.787	-552.574	-837.514	1947.453	1483.533	870.763	338.689	2006.571	-1081.211	-3083.275	84.934	172.506	104.147	-3553.382	-4154.392	1744.480
LUN421	LUN421	168595	1.0000	6559.518	-6070.553	-9582.995	3825.626	-1248.309	4244.079	978.808	-477.957	1691.999	1159.064	3797.748	-115.879	-4961.305	2137.750	949.897	-4899.377	-2006.058	2028.189	705.013	993.478
LUN422	LUN422	168595	1.0000	4701.396	2161.304	2327.737	3648.475	1035.439	-1941.820	-867.179	-1594.741	586.037	-1419.514	-3675.379	261.415	3747.954	-541.668	-1730.201	875.829	-998.770	-1960.554	-989.787	-165.690
LUN423	LUN423	168595	1.0000	7511.201	1132.275	-2071.414	3962.643	2438.191	-621.848	1652.143	-3284.045	134.136	-2666.414	2744.409	3332.514	-650.783	-316.222	1931.806	-3969.971	914.972	-4505.402	399.569	-1947.761
LUN424	LUN424	168595	1.0000	9256.412	476.900	2633.396	2826.199	1888.501	1789.146	-4698.596	498.577	2230.228	2187.063	2537.275	1589.844	-1686.160	337.160	2065.129	1044.008	2234.093	2175.260	-3539.622	2992.140
LUN425	LUN425	168595	1.0000	9750.840	6904.339	4560.342	6014.821	2348.341	-7707.764	258.101	-3838.902	1186.725	-1993.663	-4271.357	-1462.952	2291.297	-4275.162	1575.516	4031.704	3123.311	-633.732	-565.991	850.250
LUN426	LUN426	168595	1.0000	6564.982	2104.176	-1418.603	469.699	-262.979	-4533.241	-1300.377	606.442	861.070	-1822.440	-4104.908	-57.072	-636.510	306.861	-5464.528	6010.008	-2620.737	-4746.750	-3859.443	53.521
LUN427	LUN427	168595	1.0000	8358.767	328.151	-1547.573	4511.934	2929.237	-2097.497	307.023	-2558.833	1427.260	7.861	2367.074	-1827.079	925.353	3322.018	2805.523	-18.957	-2765.105	-2218.871	-1300.321	-3667.546
LUN428	LUN428	168595	1.0000	8851.819	1384.465	247.068	3732.424	6452.154	2208.760	1376.962	-358.466	43.554	-2657.097	1006.173	1494.277	-690.785	3954.961	-974.612	2867.884	230.266	-3404.953	-5744.464	5831.603
LUN429	LUN429	168595	1.0000	6373.213	2981.776	2425.434	648.186	5120.464	-2841.784	-3073.652	828.352	2131.278	-1033.073	-2070.303	218.446	-949.906	-3482.140	3115.999	1087.683	1460.411	4112.675	-1816.684	1452.547
LUN430	LUN430	168595	1.0000	8004.050	213.988	1888.426	5079.491	4660.652	-4299.002	-2499.226	-2505.438	2451.466	1668.360	-842.055	363.847	-2255.370	-4190.597	1244.068	-211.640	-1724.150	2059.404	-5042.718	1885.749
LUN431	LUN431	168595	1.0000	8741.631	5269.122	4304.236	2461.952	1422.571	-1847.104	-1185.735	1765.252	-1275.122	-144.067	-1205.674	609.922	1069.843	2949.392	-220.123	2704.803	80.011	-2432.853	-2010.616	-832.260
LUN433	LUN433	168595	1.0000	1325.227	5933.500	2460.519	55.715	795.276	-1522.922	-2826.250	178.152	-911.010	2176.462	667.841	-1868.098	-3608.437	5429.157	1027.527	-604.356	795.627	2127.314	74.204	2091.172
LUN435	LUN435	168595	1.0000	8649.819	3178.439	1137.693	1388.336	1722.830	-1389.431	1007.290	-1095.504	350.484	-2153.159	-387.862	3295.468	1248.244	3992.882	-20.319	1400.705	-164.616	675.627	-1478.339	564.516
LUN436	LUN436	168595	1.0000	9581.412	404.229	2776.122	2083.195	3794.598	-1426.419	-968.471	404.185	-2820.967	-469.900	3167.081	-1408.736	2386.536	353.525	2635.179	1230.382	-2093.256	890.879	-4656.021	3773.253
LUN437	LUN437	168595	1.0000	10266.470	2116.620	2528.111	4732.022	4269.976	263.249	-970.510	4720.940	957.714	3410.864	-4605.658	-17.009	-1293.719	5571.338	-166.728	2007.874	3609.040	308.613	256.615	-2052.857
LUN438	LUN438	168595	1.0000	8803.073	331.754	2509.698	3365.902	4389.195	-2654.130	-3381.669	-2630.563	3022.320	-718.720	-5657.069	-2550.562	-275.083	1012.399	2041.260	162.292	-1336.666	-2359.839	5858.746	-1489.901
LUN439	LUN439	168595	1.0000	11019.580	3352.736	1930.880	2894.077	6137.659	538.488	-3561.063	2113.246	2796.617	-2175.883	1371.769	-152.752	2772.501	-1992.695	2363.969	946.958	-2402.827	-4120.154	-1168.049	-1435.128
LUN440	LUN440	168595	1.0000	6297.881	322.192	2287.818	2968.884	2993.694	-3453.669	441.591	-3543.087	718.162	85.460	1741.082	-750.820	-2926.095	3385.816	168.422	1042.620	3482.977	1083.724	2197.461	4217.022
LUN441	LUN441	168595	1.0000	-4380.226	5707.192	3028.448	919.595	-1211.302	-2168.501	3237.136	-2337.170	-1750.228	3132.703	-4076.162	-36.993	1179.898	-180.811	3966.292	-2608.909	2036.826	-3197.906	-1665.546	1308.818
LUN81	LUN81	168595	1.0000	6809.117	-899.893	1137.167	3382.103	3113.837	-1086.856	68.868	1547.890	406.427	861.782	-984.292	-2889.829	-2042.330	567.637	331.723	-251.102	-1171.160	-2674.698	393.409	521.954
LUN82	LUN82	168595	1.0000	11691.374	1262.886	4381.775	4774.983	6160.938	-88.273	2082.328	4574.896	82.773	-4624.230	-791.700	5530.964	432.923	-2366.053	-2651.511	-916.690	-3208.852	2.791	-996.241	-1304.314
LUN83	LUN83	168595	1.0000	7454.101	6627.767	5703.084	2548.040	711.203	-2578.965	1292.274	-1452.948	3401.929	108.370	1123.678	-1358.531	-1454.044	4343.004	-340.778	670.507	-2401.351	-1245.216	3969.666	-4183.649
LUN84	LUN84	168595	1.0000	12621.284	1939.761	2337.377	2551.505	289.296	556.752	-2072.521	6719.228	5717.369	285.887	1598.402	2835.313	1960.346	-420.348	817.086	-2861.235	-2200.843	2093.386	2184.034	3262.631
LUN85	LUN85	168595	1.0000	-2395.613	3506.845	-626.457	-742.377	2086.438	-613.718	532.188	-156.483	-989.248	175.342	615.056	442.065	-2035.582	2573.297	745.062	257.893	2249.232	-7818.165	2663.894	-184.663
LUN86	LUN86	168595	1.0000	9541.269	4665.267	4539.553	7427.344	-46.377	-2543.748	-153.529	-1624.884	701.545	4446.157	130.425	1648.112	-4058.224	-2794.452	578.208	-2441.921	2170.125	-194.988	-420.608	148.930
LUN87	LUN87	168595	1.0000	10885.987	5574.590	4662.382	5517.594	4781.769	-3924.236	3755.571	-2722.299	1112.881	-435.129	701.042	2451.566	-2243.222	1340.747	534.910	911.992	1724.037	5740.423	-242.837	-75.021
LUN88	LUN88	168595	1.0000	12201.605	-13284.108	-19339.916	3656.648	-3780.985	2868.010	-1061.679	1278.887	3687.995	2233.655	1069.582	-892.261	2442.392	-2286.686	817.644	-2316.882	49.070	547.413	4001.869	1204.618
LUN90	LUN90	168595	1.0000	8117.161	-8004.757	-8493.478	3767.595	2263.522	-2760.886	148.956	-345.911	552.029	6022.322	1088.331	3133.628	-1215.862	394.592	2278.284	1112.945	933.153	3441.533	3486.324	2585.634
LUN91	LUN91	168595	1.0000	7632.907	4026.851	6446.919	4706.851	1791.264	-3281.941	-212.430	-1905.309	3389.429	-49.902	-2686.267	5395.606	2889.550	-2136.108	494.742	-1981.373	307.870	-1887.180	1142.857	-5828.257
LUN92	LUN92	168595	1.0000	2520.363	8507.550	1725.393	-365.447	443.307	-894.196	-2038.559	-1081.706	3967.691	2274.278	2503.813	3161.031	-1604.431	678.581	1687.405	4826.117	-867.133	2169.889	-6583.858	3330.323
LUN93	LUN93	168595	1.0000	-6793.495	4629.530	-2949.806	-4324.773	-1579.332	60.334	53.114	879.477	-2261.211	2540.089	-1242.329	3382.656	-1709.556	1050.220	3341.101	-5071.471	384.063	421.279	-1257.589	-1999.866
LUN94	LUN94	168595	1.0000	-4310.239	8362.356	3403.160	-2423.023	-31.382	-167.423	335.686	238.530	-1329.183	473.085	961.095	3094.325	2095.244	295.613	-290.152	848.173	3646.650	-318.739	1935.631	-3643.122
LUN95	LUN95	168595	1.0000	1106.355	4767.080	-680.840	-1938.006	-11242.438	-244.375	-533.995	-2058.845	-3900.311	760.773	-2450.317	-3442.536	1599.185	-428.400	-5226.169	-233.043	-3366.473	1410.193	5945.770	-2096.827
LUN96	LUN96	168595	1.0000	1637.059	5401.990	-372.246	-1243.305	-272.038	-1712.235	806.023	-2342.098	-915.490	4165.530	-601.969	-196.552	726.535	-4245.428	751.093	2428.545	-143.761	-5203.446	2371.523	-1405.827
LUN97	LUN97	168595	1.0000	10929.624	929.986	6280.943	4478.254	4813.625	1928.058	-1286.624	2922.876	2455.900	-761.784	1969.332	-1098.370	-1781.429	1526.541	-3463.260	1207.808	148.691	1803.195	2032.713	-2557.013
LUN98	LUN98	168595	1.0000	11840.068	943.073	3151.620	1788.229	2724.725	2508.986	-1525.808	12093.883	-6788.784	-2348.941	-1460.203	-23.294	1339.574	-1566.815	-3694.497	2622.191	-2438.971	3313.662	-2465.231	-1572.882
LUN99	LUN99	168595	1.0000	10525.330	2531.914	1162.074	3884.896	3279.318	-520.153	-251.411	3222.824	-2229.532	3689.007	-408.428	21.084	3001.445	1034.735	182.070	3707.341	3186.206	2043.219	-3371.687	413.469
